Credit_History,Gender_Male,Married_Yes,Dependents_1,Dependents_2,Dependents_3_plus,Education_Not_Graduate,Self_Employed_Yes,Property_Area_Semiurban,Property_Area_Urban,ApplicantIncome,CoapplicantIncome,LoanAmount,Loan_Amount_Term,Loan_Status_Y
1,0,0,0,0,0,0,1,0,0,1.1378825201454679,-0.8804100141555444,1.013654724291837,0.0,0
1,1,1,0,0,0,0,0,0,1,-0.8208835341405978,0.4302027229002808,-0.33160702394154545,0.0,1
1,1,1,0,0,1,0,0,0,1,0.437113602412001,-0.8804100141555444,-0.18617332142982843,0.0,1
0,1,1,1,0,0,0,0,0,0,0.13148481090338884,-0.8804100141555444,0.1485452928813446,0.0,0
0,1,1,0,1,0,0,0,1,0,-0.7039543131148754,0.2796216850257817,-0.11345647017396991,0.0,0
1,1,1,0,0,1,0,0,0,1,2.2387308156816,-0.8804100141555444,2.2407515892344496,0.0,1
1,1,1,1,0,0,1,0,0,1,-0.9595857825297305,0.6836498195697052,-0.18617332142982843,0.0,1
1,1,1,0,0,0,0,1,0,1,2.2387308156816,-0.8804100141555444,2.2134827700135027,0.0,1
1,1,0,0,0,0,1,0,1,0,-0.9164429320133433,0.11107007061481979,-0.11345647017396991,0.0,1
1,1,1,0,1,0,0,0,0,1,-0.5910571341934884,0.08628306849556068,-0.07709804454604065,0.0,1
1,1,1,0,0,0,0,0,0,1,-0.8140290625632278,1.2884526712796271,-0.4225030880113686,0.0,1
1,1,1,0,1,0,0,0,0,1,1.1951375180270285,-0.8804100141555444,0.8864002345940847,0.0,1
1,1,0,0,0,0,0,0,0,1,0.49598141713529564,-0.8804100141555444,0.1485452928813446,0.0,1
0,1,0,0,0,0,0,1,0,1,2.2387308156816,-0.8804100141555444,0.9772962986639078,0.0,0
0,1,0,0,0,0,0,0,1,0,2.2387308156816,-0.8804100141555444,1.8862569393621391,0.0,0
1,1,1,0,0,0,1,1,0,1,0.03068375829500753,-0.8804100141555444,-0.7679081314766966,0.0,1
1,1,1,0,0,0,0,0,0,1,2.2387308156816,-0.8804100141555444,-0.04073961891811139,0.0,1
1,1,1,0,0,0,0,0,0,0,0.48791733292662515,-0.8804100141555444,-0.004381193290182138,0.0,1
1,0,0,0,0,0,0,0,0,1,-0.5543655510440376,-0.8804100141555444,-1.0587755365001306,0.0,1
0,1,0,0,0,0,0,0,1,0,-0.1826112690243273,-0.8804100141555444,-0.7315497058487672,0.0,0
1,1,1,0,1,0,0,0,1,0,0.03592541303064336,-0.020920715670234947,0.2137693604773934,0.0,1
0,0,0,0,0,0,0,0,1,0,-1.2575536940401055,0.23500508121111532,-0.6406536417789441,0.0,0
1,1,1,0,1,0,0,0,0,1,-0.0011693743292409645,-0.8804100141555444,-0.07709804454604065,0.0,0
1,1,1,0,1,0,0,0,0,1,0.4681603266153824,-0.8804100141555444,0.9772962986639078,0.0,1
1,1,1,1,0,0,0,0,0,1,-0.1826112690243273,1.2072752393390538,1.1409092139895893,0.0,0
0,1,1,0,1,0,0,0,0,0,-0.5156579468424192,0.17923432644278234,0.2137693604773934,0.0,0
1,0,0,0,0,0,0,0,0,0,-0.9035403972794704,-0.8804100141555444,-1.6768687721749278,0.0,0
1,0,0,0,0,0,0,0,1,0,-0.19954584586253538,-0.8804100141555444,-0.4225030880113686,0.0,1
1,1,1,0,1,0,0,0,1,0,0.15366104247723272,1.3919384051275339,1.7771816624783514,0.0,1
1,1,0,0,0,0,0,0,0,1,-0.4108248521297026,-0.8804100141555444,-1.0587755365001306,0.0,0
1,1,0,0,0,0,0,0,1,0,-0.8543494836065804,-0.8804100141555444,-1.5132558568492462,0.0,1
0,1,1,1,0,0,0,0,0,1,0.7181469370841681,2.678461274498704,0.7591457448963322,0.0,0
1,1,1,1,0,0,0,0,1,0,-0.8579783215004821,0.3924025446684106,-0.6224744289649795,0.0,1
1,1,0,1,0,0,0,1,0,0,0.029474145663706954,-0.8804100141555444,-0.5861160033370503,0.0,0
1,1,1,0,0,0,0,0,0,1,-1.0325657446181986,0.44197654890692883,-0.9133418339884135,0.0,1
1,0,0,0,0,0,0,0,1,0,-0.028990464849154206,-0.8804100141555444,-0.4225030880113686,0.0,1
1,1,0,0,0,0,0,0,0,1,-0.5184803763154539,-0.8804100141555444,-1.2405676646397767,0.0,1
1,1,1,0,0,1,1,1,0,1,1.0003898843876358,-0.8804100141555444,-0.2407109598717223,0.0,1
1,1,1,0,0,0,0,0,0,1,-0.32373274267606117,-0.4131750242075103,0.39556148861703966,0.0,1
1,1,1,0,1,0,1,1,0,0,0.7112924655067981,-0.2607349611740668,0.8864002345940847,0.0,0
1,1,1,0,1,0,1,0,0,1,-0.6192814289238352,0.4630455007082991,-0.22253174705775766,0.0,1
1,1,0,0,0,0,1,0,0,0,-0.25962327321713063,0.6879875449405755,-1.5132558568492462,0.0,1
1,1,0,0,0,0,1,0,0,0,-0.41163126055056964,-0.0828882209683827,-0.695191280220838,0.0,0
0,1,1,0,1,0,1,0,0,1,-0.6975030457479391,-0.8804100141555444,-1.6950479849888926,0.0,0
1,1,1,0,0,0,0,0,1,0,1.7999438336773164,-0.8804100141555444,1.6317479599666345,0.0,1
1,0,0,0,0,0,0,0,0,0,1.0407103054309883,-0.8804100141555444,-0.33160702394154545,0.0,1
1,0,0,0,0,0,0,0,0,1,-0.4874336521120724,-0.8804100141555444,-0.9133418339884135,0.0,1
1,1,1,0,0,0,0,0,0,0,1.3233564569448895,0.25545435795950405,0.7591457448963322,0.0,1
0,1,0,0,0,0,0,0,1,0,-0.9603921909505975,-0.8804100141555444,-1.3678221543375293,0.0,0
1,0,0,0,0,0,1,0,0,0,-0.9700690920010021,-0.8804100141555444,-1.3132845158956354,0.0,1
1,1,1,0,0,0,0,1,1,0,-1.0224856393573605,1.6497232271678286,0.39556148861703966,0.0,1
1,1,1,0,1,0,0,1,1,0,0.556865252910758,-0.8804100141555444,1.213626065245448,0.0,0
1,1,1,0,0,0,1,0,0,1,0.5701709918550643,-0.8804100141555444,0.39556148861703966,0.0,0
1,1,0,0,0,0,1,0,0,0,-0.3741332689802518,-0.8804100141555444,-0.5133991520811917,0.0,1
0,0,1,0,0,0,0,0,0,1,-0.7958848730937192,1.2512721681007386,-0.33160702394154545,0.0,0
0,0,1,0,0,0,1,0,1,0,-0.9958741614687477,1.1254781323454988,0.722787319268403,0.0,0
0,1,1,0,1,0,0,1,1,0,-0.7632253320486037,-0.8804100141555444,-0.5861160033370503,0.0,0
1,1,0,0,0,0,0,0,0,0,-0.8438661741353087,0.2244706053104302,0.12287329640757026,0.0,1
1,1,0,0,0,0,0,0,0,1,-0.585412275247419,-0.8804100141555444,-1.1678508133839183,0.0,0
1,1,1,1,0,0,0,0,0,1,2.2387308156816,-0.8804100141555444,2.2407515892344496,0.0,1
1,1,1,0,0,0,0,0,1,0,1.497943880062606,-0.8804100141555444,0.39556148861703966,0.0,0
1,1,0,0,0,0,0,0,1,0,-0.6789556520679969,-0.8804100141555444,-0.7315497058487672,0.0,1
1,1,1,0,1,0,1,0,0,0,0.013345977246365943,-0.8804100141555444,-0.5133991520811917,0.0,1
1,0,0,0,0,0,0,0,0,1,-0.5571879805170723,-0.8804100141555444,-1.967736177198362,0.0,1
1,0,0,1,0,0,1,0,1,0,0.23067304667003605,-0.8804100141555444,-0.11345647017396991,0.0,1
1,1,0,1,0,0,1,0,1,0,-0.7821759299389793,-0.07359309517366054,-0.8042665571046258,0.0,1
1,1,0,0,0,0,0,0,0,0,1.4975406758521723,1.4433714345249966,0.8864002345940847,0.0,1
1,0,0,1,0,0,0,1,1,0,1.6148731010883282,-0.8804100141555444,0.2137693604773934,0.0,1
1,0,0,0,0,0,0,1,0,1,-0.4660638289590956,-0.8804100141555444,-0.29524859831361616,0.0,1
1,0,0,0,1,0,0,0,1,0,-0.35034422056467385,0.4103731212048735,-0.33160702394154545,0.0,1
0,1,0,0,0,0,1,0,0,0,0.5750094423802666,-0.8804100141555444,-0.4225030880113686,0.0,0
1,1,0,0,0,0,0,0,1,0,0.53307620449518,1.7420548100620687,2.2407515892344496,0.0,1
1,1,1,0,0,1,0,0,0,1,1.2584405790650919,-0.8804100141555444,-0.18617332142982843,0.0,1
1,1,1,0,0,0,1,0,0,1,-0.9886164856809443,0.6068101130000019,-0.4225030880113686,0.0,1
0,1,1,1,0,0,1,0,0,0,-0.7926592394102511,0.04910256531667203,-0.45886151363929784,0.0,0
1,1,1,0,0,0,0,0,0,1,0.002459463564660763,0.8900016122125372,-0.49521993926722707,0.0,1
1,1,0,0,0,0,0,0,0,1,-0.5604136142005405,0.8168799559607228,-0.5133991520811917,0.0,1
1,1,1,0,0,0,0,0,1,0,-0.5184803763154539,0.6687776182981496,-0.18617332142982843,0.0,1
0,0,0,0,0,0,0,0,0,1,-0.8946699046499329,0.2740446095489484,-0.6224744289649795,0.0,0
1,1,1,0,0,0,1,0,1,0,-0.3245391510969282,0.038568089415986904,-0.2588901726856869,0.0,1
1,1,0,0,0,0,0,0,1,0,-0.9083788478046727,0.6879875449405755,-0.04073961891811139,0.0,1
1,1,0,0,0,0,0,1,1,0,0.2205929414091979,-0.8804100141555444,-0.18617332142982843,0.0,1
1,0,0,0,0,0,0,0,0,1,-0.8543494836065804,-0.8804100141555444,-1.2951053030816708,0.0,1
1,1,1,0,1,0,0,0,0,1,2.2387308156816,-0.8804100141555444,2.2407515892344496,0.0,1
1,1,1,0,0,0,0,0,0,0,-1.8018793781253648,0.23500508121111532,-0.05891883173207602,0.0,0
1,1,1,0,1,0,0,1,0,0,2.2387308156816,-0.2520595104323261,0.2137693604773934,0.0,1
0,0,0,0,0,0,0,0,0,1,-0.5801706205117833,-0.8804100141555444,-1.2223884518258121,0.0,0
1,1,1,1,0,0,1,0,0,0,-0.8575751172900485,0.5913182366754649,0.1485452928813446,0.0,1
0,1,1,0,0,1,0,0,0,0,-0.4914656942164077,0.6687776182981496,-0.27706938549965154,0.0,0
1,0,0,0,0,0,0,0,0,1,-0.7479035720521298,0.023695888144431444,-0.5133991520811917,0.0,1
1,1,0,0,0,0,0,0,0,0,-0.1725311637634892,-0.8804100141555444,-0.33160702394154545,0.0,1
1,0,1,0,1,0,1,0,1,0,-1.7776871254993531,0.9271821153914258,-0.7315497058487672,0.0,1
1,1,1,0,0,0,0,0,0,1,2.2387308156816,-0.8804100141555444,2.2407515892344496,0.0,1
1,1,0,0,0,0,1,0,1,0,-0.5084002710546157,-0.8804100141555444,-1.0587755365001306,0.0,0
1,1,1,0,0,1,0,0,0,0,1.6656768316029524,2.2154865505399175,-0.14981489580189916,0.0,1
1,1,1,1,0,0,0,0,1,0,-0.4914656942164077,0.6687776182981496,0.6318912551985798,0.0,1
1,1,1,0,0,0,0,0,0,1,-0.8946699046499329,-0.8804100141555444,-1.1496716005699537,0.0,1
1,1,0,0,0,0,1,0,0,0,-0.289057180578778,0.1519686241115973,-0.5315783648951563,0.0,1
0,1,1,0,1,0,1,0,0,0,-0.505577841581581,0.3075070624099482,-0.47704072645326245,0.0,0
1,1,1,0,0,0,0,0,0,1,-0.9700690920010021,-0.18327557955138207,0.1485452928813446,0.0,1
1,1,1,1,0,0,0,0,0,1,0.5903312023767405,1.7532089610157353,2.2407515892344496,0.0,1
1,1,0,0,0,0,0,0,0,1,1.5914872568831837,-0.8804100141555444,1.3045221293152711,0.0,1
1,1,1,1,0,0,0,0,1,0,-0.36364995950898016,0.9321395158152777,0.231948573291358,0.0,0
1,0,0,1,0,0,0,0,0,1,-0.8140290625632278,-0.8804100141555444,0.39556148861703966,0.0,0
0,1,1,0,0,1,0,0,1,0,-0.6382320268142109,0.6712563185100756,0.3592030629891104,0.0,0
0,0,0,0,0,0,0,1,1,0,-0.014475113273547297,-0.8804100141555444,-0.09527725736000528,0.0,0
1,0,1,1,0,0,0,0,1,0,-0.004395008012709167,0.8825655115767594,0.031977232337747116,0.0,1
1,0,0,0,0,0,0,0,1,0,-0.6862133278558004,-0.8804100141555444,-0.9860586852442721,0.0,1
1,1,1,0,0,1,0,0,0,1,-0.08181021641594602,-0.10581619792869738,-0.5133991520811917,0.0,1
1,1,1,0,0,0,0,0,0,0,2.2387308156816,-0.8804100141555444,0.1485452928813446,0.0,0
1,1,1,0,0,1,0,0,1,0,-0.24954316795629253,2.678461274498704,2.2407515892344496,0.0,0
1,1,1,0,0,0,1,0,1,0,-1.1111905656527359,-0.2353282840018262,-0.7315497058487672,0.0,1
0,1,1,0,0,0,1,0,1,0,-1.1898153866872734,1.5301259419424034,1.1409092139895893,0.0,0
1,1,1,0,1,0,1,0,0,0,-0.4104216479192691,0.10487332008500501,0.1485452928813446,0.0,1
1,1,0,0,0,0,0,0,1,0,-0.4842080184286042,-0.8804100141555444,-0.20435253424379304,0.0,0
1,1,0,0,0,0,0,0,0,0,0.4822724739805558,1.3913187300745524,2.2407515892344496,0.0,0
1,1,0,0,0,0,1,0,0,1,-0.7668541699425054,-0.8804100141555444,-1.4223597927794231,0.0,1
1,1,1,0,0,0,0,0,1,0,-0.7337914246869564,0.5157178802117247,-0.29524859831361616,0.0,1
1,1,1,1,0,0,0,0,0,1,-0.6317807594472744,-0.24214470958462248,-0.695191280220838,0.0,1
0,1,1,0,0,0,1,0,0,1,-0.8728968772865225,0.5652918844502429,0.7773249577102969,0.0,0
1,0,0,0,0,0,1,0,0,0,-0.4914656942164077,-0.8804100141555444,-0.7860873442906612,0.0,0
1,1,1,0,0,0,0,0,1,0,-1.0035350414669848,2.678461274498704,-1.2405676646397767,0.0,0
1,1,1,0,0,0,0,0,1,0,-0.9015243762273029,1.185586612484702,0.6137120423846152,0.0,1
1,1,0,0,0,0,1,1,1,0,0.4762244108240529,-0.8804100141555444,-0.11345647017396991,0.0,1
1,1,0,0,0,0,0,0,0,0,2.2387308156816,-0.8804100141555444,2.2407515892344496,0.0,0
1,1,0,0,0,1,0,0,0,0,1.8338129873537323,-0.8804100141555444,0.8500418089661553,0.0,1
1,1,1,0,0,0,0,0,1,0,-0.3596179174046449,0.21951320488657838,-0.13163568298793454,0.0,1
1,0,0,0,0,0,0,0,0,0,0.15366104247723272,0.6941842954703903,0.231948573291358,0.0,0
1,1,1,0,0,0,0,0,0,0,-1.44907569399603,2.5278027772425826,1.4135974061990588,0.0,1
1,1,1,0,0,1,0,0,0,1,0.254462095085614,-0.8804100141555444,-0.8042665571046258,0.0,0
1,1,1,1,0,0,0,0,0,1,0.4153405750485906,-0.8804100141555444,-1.7132271978028573,0.0,1
1,1,1,0,0,0,0,0,0,1,-0.12817870061580142,-0.8804100141555444,-0.3679654495694747,0.0,1
1,1,1,0,0,0,1,0,0,0,-0.6954870246957714,0.8497227337687411,0.3046654245472165,0.0,1
1,1,0,0,0,0,0,0,1,0,0.11132460038171257,-0.8804100141555444,-0.6588328545929087,0.0,1
1,1,1,1,0,0,0,0,0,1,-1.2422319340436316,0.0026269363430612043,-1.967736177198362,0.0,1
1,1,1,0,0,0,0,0,0,0,-0.3640531637194137,-0.8804100141555444,-1.7495856234307865,0.0,1
1,1,1,0,0,0,0,0,1,0,-0.2733322163718705,0.5671509096091873,-0.07709804454604065,0.0,1
1,1,1,1,0,0,0,0,0,1,-1.2071531677359149,0.23686410637005975,-0.7679081314766966,0.0,1
1,0,0,0,0,0,0,0,0,1,-0.7870143804641817,0.12656194693935674,-0.9860586852442721,0.0,1
0,1,0,0,1,0,0,0,0,0,-0.4156633026549049,-0.8804100141555444,-0.5133991520811917,0.0,0
0,1,1,0,0,0,0,0,0,1,-0.5858154794578526,0.3985992951982254,-0.6224744289649795,0.0,0
1,0,0,0,0,0,0,0,1,0,2.169682094644859,-0.8804100141555444,1.3772389805711296,0.0,0
1,1,1,1,0,0,1,0,0,1,-0.02616803537611953,-0.11882937404130842,0.3592030629891104,0.0,1
1,1,1,0,1,0,0,1,1,0,-0.014475113273547297,0.4103731212048735,0.39556148861703966,0.0,1
1,1,1,1,0,0,1,0,0,0,-0.22938295743461626,2.4051071167522498,-0.004381193290182138,0.0,0
0,1,1,0,0,0,0,0,1,0,-0.6176686120821011,0.4890718529335211,-0.04073961891811139,0.0,0
1,1,1,0,1,0,0,0,0,1,-0.6233134710281704,2.678461274498704,1.1227300011756247,0.0,1
1,1,1,0,0,0,1,0,0,0,0.10809896669824437,-0.8804100141555444,-0.09527725736000528,0.0,0
0,1,0,0,0,0,0,0,0,0,0.12019509301125013,-0.8804100141555444,-0.14981489580189916,0.0,1
1,1,0,0,0,0,1,0,0,0,0.10729255827737733,-0.8804100141555444,-1.6405103465469986,0.0,1
1,1,1,1,0,0,0,0,0,1,-0.9696658877905686,-0.014104290087438692,-0.9678794724303075,0.0,1
1,1,1,0,0,1,0,1,0,0,0.4266302929407293,0.0020072612900797265,-0.695191280220838,0.0,1
1,1,1,0,0,1,1,0,0,1,-0.25276880163976073,-0.8804100141555444,0.1485452928813446,0.0,0
1,0,0,0,0,0,0,0,0,0,-0.5858154794578526,0.9693200189941663,-0.11345647017396991,0.0,1
1,1,0,0,0,0,0,0,0,1,-0.35034422056467385,-0.8804100141555444,-0.695191280220838,0.0,1
1,0,1,1,0,0,0,1,1,0,2.2387308156816,-0.8804100141555444,2.2407515892344496,0.0,1
1,0,0,0,0,0,1,0,0,1,-1.0934495803936608,0.5851214861456502,-0.33160702394154545,0.0,1
0,1,1,0,0,0,0,0,0,0,-0.4136472816027373,1.763123761863439,-0.11345647017396991,0.0,0
1,1,1,0,0,1,0,0,0,0,-0.7874175846746152,0.4103731212048735,-0.7860873442906612,0.0,1
1,1,0,0,0,0,0,0,0,1,-0.35034422056467385,2.0630464875064742,0.6864288936404738,0.0,0
0,1,1,1,0,0,0,0,1,0,1.484234936907866,-0.8804100141555444,0.25012778610532266,0.0,0
1,1,1,0,0,0,0,0,0,1,0.0798746719678976,-0.3084499402536406,-0.33160702394154545,0.0,1
0,1,1,0,0,0,0,0,0,0,-0.2705097868988358,0.19348685266135632,0.19559014766342878,0.0,0
1,1,0,0,0,0,0,0,1,0,-1.0317593361973314,0.4884521778805397,-0.07709804454604065,0.0,1
1,1,1,0,1,0,1,0,0,0,-0.9426512056915224,-0.8804100141555444,-0.45886151363929784,0.0,0
1,1,0,0,0,0,0,0,1,0,0.09035798143916926,1.4780732374919594,0.231948573291358,0.0,1
1,1,1,0,0,0,0,0,1,0,-0.27897707531793986,-0.38466997177036233,-0.47704072645326245,0.0,1
1,1,0,1,0,0,0,0,1,0,2.2387308156816,-0.8804100141555444,1.0500131499197662,0.0,0
1,1,1,1,0,0,0,0,0,0,-0.014475113273547297,0.054059965740523845,-0.18617332142982843,0.0,0
0,1,0,0,0,0,0,0,0,0,0.6709720444634456,1.8560750198106606,1.2863429165013065,0.0,0
0,0,0,0,0,0,0,0,1,0,-0.12858190482623494,-0.8804100141555444,-0.04073961891811139,0.0,0
1,1,1,0,1,0,0,1,0,0,2.2387308156816,-0.8804100141555444,2.2407515892344496,0.0,1
1,1,1,1,0,0,0,0,0,0,0.254462095085614,-0.4540735777042878,0.39556148861703966,0.0,1
1,1,0,0,0,0,0,0,0,1,-1.1365924309100481,-0.12874417488901205,-1.6586895593609632,0.0,1
1,1,1,0,1,0,1,0,0,1,-0.13342035535143723,1.141589683723017,-0.09527725736000528,0.0,1
1,0,1,0,0,0,0,0,1,0,-0.6813748773305981,0.5652918844502429,0.01379801952378249,0.0,1
1,1,1,0,1,0,0,1,0,1,-0.5253348478928238,1.2884526712796271,-0.9133418339884135,0.0,1
1,0,1,0,1,0,0,0,1,0,-1.0434522582999037,0.1308996723102271,-0.45886151363929784,0.0,1
1,1,0,0,0,1,1,0,1,0,0.03552220882020983,0.35460236643654053,0.17741093484946413,0.0,1
0,1,0,0,0,0,0,0,0,0,0.6685528192008444,-0.8804100141555444,-0.3679654495694747,0.0,0
1,0,0,0,0,0,0,0,1,0,-0.18503049428692847,-0.8804100141555444,-1.2223884518258121,0.0,1
0,1,1,0,1,0,0,0,0,1,-0.3301840100429976,1.350420176577775,1.4135974061990588,0.0,0
1,0,1,1,0,0,0,0,1,0,-0.5213028057884885,-0.31464669078345536,-0.6042952161510149,0.0,1
1,1,1,1,0,0,0,0,1,0,-0.5257380521032573,-0.8804100141555444,-0.7679081314766966,0.0,1
1,1,1,0,0,0,1,0,0,1,-0.9216845867489791,0.05901736616437567,-0.7860873442906612,0.0,1
1,0,0,1,0,0,0,0,1,0,-0.3898582331871593,-0.8804100141555444,-0.7860873442906612,0.0,1
1,0,1,0,0,0,1,0,0,0,-0.20922274691294,-0.8804100141555444,-0.2588901726856869,0.0,1
1,1,1,0,0,1,1,0,1,0,0.12583995195731948,-0.8804100141555444,-0.18617332142982843,0.0,0
1,1,1,0,0,0,1,0,0,0,-0.8140290625632278,0.17303757591296756,-0.5679367905230857,0.0,1
1,1,0,0,0,0,1,0,0,0,-0.3168782710986912,-0.8804100141555444,-0.5133991520811917,0.0,1
1,1,0,0,1,0,0,0,0,0,-0.10680887746282458,-0.8804100141555444,-0.04073961891811139,0.0,1
1,1,1,0,0,0,0,0,1,0,0.4391296234641686,2.6052621588652674,0.8864002345940847,0.0,1
1,1,0,0,0,0,0,0,0,0,-0.5890411131413208,1.0114579225969067,-0.8951626211744489,0.0,1
1,1,1,0,0,0,0,0,0,0,-0.7462907552103956,0.32795633915833694,0.3046654245472165,0.0,1
1,1,1,0,1,0,0,0,1,0,-0.36364995950898016,-0.8804100141555444,-0.33160702394154545,0.0,1
1,1,1,0,1,0,0,1,0,0,0.45445138346064257,-0.8804100141555444,0.10469408359360563,0.0,1
1,1,1,0,0,0,0,0,0,0,-0.5519463257814364,-0.8804100141555444,0.577353616756686,0.0,0
0,1,1,0,0,0,0,0,0,1,-0.9668434583175339,-0.8804100141555444,-1.4223597927794231,0.0,0
1,1,1,1,0,0,0,0,1,0,0.9096689370400926,-0.8804100141555444,1.1227300011756247,0.0,1
1,1,1,0,1,0,0,1,0,0,1.8967128441813623,2.678461274498704,2.2407515892344496,0.0,1
1,1,1,0,0,0,0,0,0,0,-0.9015243762273029,0.44445524911885476,-1.4587182184073524,0.0,1
1,1,0,0,0,0,0,0,0,1,0.3217971982280128,-0.8804100141555444,0.5409951911287567,0.0,1
0,1,1,0,1,0,0,0,0,1,1.685433837914195,-0.8804100141555444,2.177124344385573,0.0,0
1,1,1,0,0,1,1,1,1,0,-0.5184803763154539,0.46180615060233615,-0.14981489580189916,0.0,1
1,1,0,0,0,0,0,0,0,0,-0.7200824815322164,0.2703265592310595,-0.22253174705775766,0.0,1
1,1,1,0,0,0,0,0,1,0,-0.6696819552280259,0.9166476394907407,-0.13163568298793454,0.0,1
1,1,1,0,0,0,1,0,0,0,-0.6862133278558004,-0.5482641857574724,-1.3132845158956354,0.0,0
1,1,1,0,0,0,0,0,0,0,0.4225982508363941,0.7722633521460565,0.7591457448963322,0.0,1
1,1,0,1,0,0,0,0,1,0,2.2387308156816,-0.8804100141555444,0.25012778610532266,0.0,1
1,1,0,0,0,0,0,0,0,0,-0.3801813321367547,1.7848123887177907,0.6137120423846152,0.0,1
1,1,1,1,0,0,0,0,0,1,0.5387210634412494,2.6052621588652674,2.2407515892344496,0.0,1
1,1,1,1,0,0,0,0,0,0,-0.13543637640360487,0.9786151447888884,0.6137120423846152,0.0,0
1,1,1,0,1,0,1,0,0,1,-0.5088034752650492,0.8912409623185001,0.10469408359360563,0.0,1
1,1,0,1,0,0,0,0,0,1,-0.09471275114981882,0.23066735584024498,-0.3861446623834393,0.0,1
0,1,1,0,0,0,1,0,0,0,0.5955728571123764,-0.8804100141555444,1.449955831826988,0.0,0
1,0,0,0,0,0,1,0,1,0,-0.9894228941018113,-0.8804100141555444,-1.2405676646397767,0.0,1
1,1,1,0,0,0,0,0,0,0,0.35042469716879304,-0.8804100141555444,-0.2407109598717223,0.0,1
1,1,1,0,0,1,0,0,0,0,0.725001408661538,-0.8804100141555444,0.3410238501751458,0.0,1
1,1,1,0,0,0,0,0,0,1,-0.6112173447151646,-0.0748324452796235,-1.0587755365001306,0.0,1
1,1,1,0,0,0,0,0,0,0,-0.5051746373711475,0.48287510240370635,-0.05891883173207602,0.0,0
1,1,0,0,0,0,0,0,0,1,-0.7200824815322164,-0.8804100141555444,-1.2223884518258121,0.0,1
1,1,1,0,0,1,0,0,0,0,2.2387308156816,-0.8804100141555444,2.2407515892344496,0.0,1
1,1,1,0,1,0,0,0,0,0,-0.1822080648138938,0.01625978750865371,0.3592030629891104,0.0,1
0,0,0,0,0,0,1,0,0,1,-0.7656445573112048,-0.8804100141555444,-1.0587755365001306,0.0,0
1,1,1,0,0,0,0,0,1,0,-0.8845897993890948,0.5696296098211132,0.086514870779641,0.0,1
1,0,0,1,0,0,0,0,1,0,-0.45880615317129214,-0.8804100141555444,0.3046654245472165,0.0,0
1,1,1,0,0,0,1,0,0,0,-0.06124680168383623,-0.8804100141555444,-0.33160702394154545,0.0,1
1,1,1,0,0,0,0,0,0,0,0.58912158974544,0.7115351969538716,0.7955041705242615,0.0,0
1,1,1,1,0,0,0,1,1,0,-0.8966859257021005,-0.8804100141555444,0.1485452928813446,0.0,1
1,1,1,0,0,0,0,1,0,0,2.1547635388588184,-0.8804100141555444,0.7591457448963322,0.0,1
1,0,1,0,1,0,0,0,1,0,-0.13543637640360487,0.5962756370993167,-0.20435253424379304,0.0,1
1,1,1,0,0,0,0,0,0,1,-0.3672787974028819,0.7115351969538716,0.6318912551985798,0.0,0
1,1,1,0,0,0,0,0,0,1,-0.9216845867489791,0.617344588900687,-0.04073961891811139,0.0,1
1,1,1,1,0,0,0,0,1,0,0.34236061296012255,-0.24090535947865951,-2.0404530284542206,0.0,1
1,0,0,0,1,0,0,0,0,1,-0.4805791805347025,-0.8804100141555444,-0.004381193290182138,0.0,0
0,1,0,0,1,0,0,0,0,0,-0.43219467528267946,-0.8804100141555444,-1.0587755365001306,0.0,0
1,1,1,0,1,0,0,0,0,1,-0.021329584850917228,-0.8804100141555444,-0.695191280220838,0.0,0
0,0,1,0,0,0,0,1,0,0,0.35526314769399536,-0.8804100141555444,-0.6042952161510149,0.0,0
1,1,1,0,1,0,1,0,0,1,-0.15841901639831582,-0.2359479590548077,-0.5133991520811917,0.0,1
1,1,1,0,1,0,1,0,1,0,-1.0587740182963776,0.12656194693935674,-0.45886151363929784,0.0,1
1,1,1,0,0,0,1,0,1,0,-0.4890464689538065,1.8566946948636422,-0.27706938549965154,0.0,1
1,1,1,0,1,0,1,0,0,0,-0.16890232586958748,0.005725311607968592,-0.16799410861586378,0.0,0
1,1,1,0,0,0,1,0,0,0,-0.9539409235836611,0.37938936855579963,-0.5133991520811917,0.0,1
1,1,0,0,0,0,0,1,1,0,0.9943418212311329,-0.8804100141555444,-0.9860586852442721,0.0,1
1,1,1,0,1,0,0,0,0,1,-1.3385977403372442,-0.2074429066176597,-2.204065943779902,0.0,1
1,0,0,0,0,0,0,0,0,0,-0.6930677994331703,-0.8804100141555444,-1.2223884518258121,0.0,1
1,1,1,1,0,0,0,0,0,1,-0.5184803763154539,1.133533908034258,0.3592030629891104,0.0,1
1,1,1,0,1,0,1,0,1,0,-0.9785363804201062,0.19906392813818963,-1.6950479849888926,0.0,1
1,1,1,1,0,0,0,1,0,1,1.2773911769554676,-0.8804100141555444,1.8498985137342099,0.0,1
1,1,1,0,0,0,0,0,0,1,0.48469169924315697,-0.8804100141555444,0.10469408359360563,0.0,1
1,1,1,0,0,0,0,0,0,1,0.45445138346064257,-0.8804100141555444,2.122586705943679,0.0,0
1,1,1,1,0,0,1,0,0,1,0.28792804455159665,-0.17955752923349322,0.86822102178012,0.0,1
1,1,1,0,0,0,0,1,0,0,-0.823302759403199,1.4433714345249966,0.25012778610532266,0.0,1
1,1,1,1,0,0,0,0,0,0,-1.104336094075366,-0.8804100141555444,-1.4041805799654585,0.0,0
1,0,1,0,0,0,0,0,1,0,-0.9228941993802797,1.8994522735193642,-0.695191280220838,0.0,1
1,1,1,0,1,0,1,0,1,0,-0.28300911742227514,-0.8804100141555444,-0.2588901726856869,0.0,1
1,1,0,0,0,0,1,0,1,0,0.8725741496802082,-0.8804100141555444,-0.14981489580189916,0.0,1
1,1,1,0,0,0,0,1,1,0,0.4834820866118564,0.45808810028444724,0.8318625961521907,0.0,1
1,1,1,0,0,1,0,0,0,0,2.2387308156816,-0.8804100141555444,2.2407515892344496,0.0,1
1,1,1,0,0,1,0,0,0,0,-0.464854216327795,1.243836067464961,0.2137693604773934,0.0,1
1,1,0,0,0,0,1,0,0,0,-0.7515324099460314,-0.8804100141555444,-1.3314637287096,0.0,0
1,1,1,1,0,0,0,0,0,1,-1.0503067298772737,0.9321395158152777,-0.45886151363929784,0.0,0
0,0,0,0,0,0,0,0,0,1,-0.44711323106871986,-0.8804100141555444,-1.131492387755989,0.0,0
1,1,1,0,1,0,0,0,0,1,2.2387308156816,-0.1826559044984006,1.5772103215247404,0.0,1
1,1,0,0,0,0,0,0,0,0,-1.089820742499759,2.2570047790896766,-1.2951053030816708,0.0,0
0,0,0,0,0,0,0,0,1,0,0.15366104247723272,-0.8804100141555444,-0.6406536417789441,0.0,0
1,1,1,0,0,0,0,0,0,1,-1.1285283467013776,0.18481140191961562,-0.695191280220838,0.0,1
1,1,1,0,0,0,0,0,1,0,-0.8059649783545574,0.4971276286222804,0.2137693604773934,0.0,1
1,1,1,0,1,0,1,0,0,1,-0.5426726289414654,0.24739858227074488,-1.040596323686166,0.0,1
1,1,0,0,0,0,0,0,1,0,-0.19591700796863365,-0.8804100141555444,-0.29524859831361616,0.0,1
1,1,1,0,0,0,0,0,0,1,-1.1329635930161464,0.2771429848138558,-0.8769834083604843,0.0,1
1,1,1,0,0,1,1,0,0,0,-0.6144429783986328,-0.8804100141555444,-0.45886151363929784,0.0,1
1,0,0,0,0,0,0,1,1,0,2.2387308156816,-0.8804100141555444,-1.5132558568492462,0.0,1
0,1,1,0,0,0,1,0,0,1,-0.6487153362854825,1.0628909519943694,0.1485452928813446,0.0,0
1,0,1,1,0,0,0,0,0,1,0.018990836192435297,-0.8804100141555444,-0.05891883173207602,0.0,1
1,1,0,0,0,0,0,0,1,0,-0.3067981658378531,-0.8804100141555444,-1.131492387755989,0.0,1
1,1,1,0,0,0,0,0,1,0,2.2387308156816,-0.8804100141555444,-0.7679081314766966,0.0,1
1,1,0,0,0,0,0,0,1,0,0.02463569513850465,0.4128518214167994,0.1485452928813446,0.0,0
1,1,1,0,0,1,1,0,1,0,-0.5829930499848179,-0.8804100141555444,-1.1678508133839183,0.0,1
1,1,1,0,1,0,0,0,0,1,-0.6124269573464652,-0.012864939981475736,-0.45886151363929784,0.0,1
1,1,1,0,0,0,0,0,0,1,-0.6475057236541819,0.9990644215372773,-0.7860873442906612,0.0,1
1,1,1,1,0,0,0,0,0,0,2.2387308156816,-0.8804100141555444,0.8500418089661553,0.0,1
1,1,1,0,0,0,0,0,0,0,-0.7874175846746152,1.7841927136648092,-0.31342781112758084,0.0,1
1,1,0,0,0,0,1,0,1,0,-0.7741118457303089,0.8453850083978708,-0.7679081314766966,0.0,1
1,1,1,0,0,0,0,0,0,1,-0.5688809026196445,1.019513698285666,0.6137120423846152,0.0,1
1,1,0,0,0,0,0,0,0,1,0.2810735729742267,-0.8804100141555444,-0.04073961891811139,0.0,1
1,1,1,0,0,0,0,0,0,0,2.2387308156816,0.4209075971055586,2.2407515892344496,0.0,0
1,1,0,0,0,1,0,0,0,0,2.2387308156816,0.9786151447888884,2.2407515892344496,0.0,0
1,1,1,0,0,0,0,0,1,0,0.013345977246365943,1.33988570067709,0.1485452928813446,0.0,1
1,1,0,0,0,0,1,1,0,0,-0.8208835341405978,0.4624258256553176,-0.6224744289649795,0.0,1
1,1,1,0,1,0,0,0,0,1,-0.8543494836065804,0.2597920833303744,-0.5315783648951563,0.0,1
0,1,1,0,0,1,0,0,1,0,0.36171441506093177,2.678461274498704,2.2407515892344496,0.0,0
1,1,0,0,0,0,0,0,1,0,0.173821252998909,-0.8804100141555444,-0.3679654495694747,0.0,1
1,1,0,0,0,0,1,0,1,0,-0.3511506289855409,0.15320797421756027,-0.5133991520811917,0.0,1
1,1,1,0,0,0,0,0,0,1,2.2387308156816,-0.8804100141555444,0.1485452928813446,0.0,1
1,0,0,0,0,0,0,0,1,0,-0.1568061995565817,-0.8804100141555444,-0.47704072645326245,0.0,0
1,1,1,0,0,1,1,1,0,0,0.437113602412001,-0.8804100141555444,-0.14981489580189916,0.0,1
1,1,1,0,0,0,0,0,0,0,-1.44907569399603,0.8379489077620931,-0.47704072645326245,0.0,1
1,1,1,0,1,0,0,0,0,1,-0.5386405868371301,0.38062871866176257,0.17741093484946413,0.0,1
1,1,0,0,0,1,0,1,1,0,1.9104217873361022,-0.8804100141555444,2.2407515892344496,0.0,1
1,1,1,0,0,0,0,0,1,0,-0.5535591426231705,-0.002330464080790617,-0.004381193290182138,0.0,1
1,1,1,0,0,0,1,0,0,0,-0.12858190482623494,0.3676155425491515,1.013654724291837,0.0,1
1,1,0,0,0,0,0,1,0,1,2.2387308156816,-0.8804100141555444,-1.0042378980582367,0.0,0
1,1,1,0,0,0,0,0,0,1,-0.5829930499848179,0.9916283209014995,-0.022560406104146766,0.0,1
1,1,1,1,0,0,0,0,1,0,2.2387308156816,-0.8804100141555444,2.2134827700135027,0.0,0
1,0,1,0,0,0,0,0,0,0,-0.014475113273547297,-0.8804100141555444,-0.9860586852442721,0.0,0
1,0,0,0,0,0,0,0,0,1,2.2387308156816,-0.8804100141555444,2.1953035571995376,0.0,1
1,1,1,0,0,0,0,0,1,0,-0.45114527317305514,0.1525882991645788,-0.4406823008253332,0.0,1
1,1,1,1,0,0,1,0,1,0,-0.7894336057267828,2.678461274498704,2.2407515892344496,0.0,1
1,1,1,0,1,0,0,0,0,0,0.4838852908222899,2.2179652507518437,-0.33160702394154545,0.0,1
1,1,1,0,0,1,1,0,1,0,-1.0273240898825626,-0.4131750242075103,-0.8042665571046258,0.0,1
1,1,1,1,0,0,0,0,1,0,-0.5902507257726214,0.22199190509850428,0.031977232337747116,0.0,1
0,1,1,1,0,0,0,1,0,0,-0.9841812393661755,-0.8804100141555444,-1.3132845158956354,0.0,0
1,1,1,0,0,0,0,0,0,1,1.3362589916787622,-0.8804100141555444,2.2407515892344496,0.0,0
1,1,0,1,0,0,0,0,0,1,-0.38381017003065643,-0.8804100141555444,-0.45886151363929784,0.0,1
1,1,1,1,0,0,0,1,0,1,-1.4591557992568682,0.992247995954481,-0.5133991520811917,0.0,0
1,0,1,1,0,0,0,0,1,0,2.2387308156816,-0.8804100141555444,2.2407515892344496,0.0,1
0,1,0,0,0,0,1,0,0,1,-0.5721065363031127,0.5163375552647061,-0.22253174705775766,0.0,0
1,1,1,0,1,0,0,0,1,0,-0.28986358899964504,-0.8804100141555444,-0.8769834083604843,0.0,1
1,1,0,0,0,0,0,0,1,0,-0.8543494836065804,-0.8804100141555444,-0.7679081314766966,0.0,0
1,1,0,0,0,0,0,0,0,1,0.8721709454697747,-0.8804100141555444,0.1485452928813446,0.0,0
1,1,1,0,1,0,0,0,0,0,0.1705956193154408,0.4103731212048735,0.8500418089661553,0.0,0
1,1,0,0,0,0,0,0,0,1,-0.5503335089397023,-0.8804100141555444,-1.6041519209190693,0.0,1
1,1,1,0,0,0,0,0,1,0,-0.12454986272189969,-0.8804100141555444,-0.14981489580189916,0.0,1
1,1,1,0,0,0,0,0,1,0,2.2387308156816,-0.8804100141555444,-0.5133991520811917,0.0,1
1,1,1,0,1,0,0,1,0,1,0.3217971982280128,1.7197465081547356,2.2407515892344496,0.0,1
1,1,1,1,0,0,0,1,0,1,2.1023469915024604,0.25545435795950405,0.7955041705242615,0.0,1
1,1,1,0,0,0,0,0,0,1,-0.936199938324586,0.06273541648226454,-0.6224744289649795,0.0,1
0,1,1,0,1,0,1,0,0,0,-0.9313614877993837,-0.10271782266379,-0.2407109598717223,0.0,0
1,1,0,0,0,0,0,0,0,1,0.13350083195555645,-0.8804100141555444,-0.2407109598717223,0.0,1
1,0,1,0,0,0,0,0,1,0,-0.17696641007825797,0.548560658019743,0.7955041705242615,0.0,1
1,1,0,0,0,0,1,0,0,0,1.0943364654186472,-0.8804100141555444,-0.33160702394154545,0.0,0
1,1,0,0,1,0,0,0,0,0,0.3681656824278682,1.9998396321023635,0.43191991424496895,0.0,1
1,0,0,0,0,0,1,1,1,0,2.2387308156816,-0.8804100141555444,1.5772103215247404,0.0,1
1,0,0,0,0,0,0,1,1,0,-0.8140290625632278,0.1835720518136527,-0.7133704930348026,0.0,0
1,1,1,0,1,0,0,0,0,1,-0.934587121482852,-0.26953435448643936,-1.0951339621280598,0.0,1
0,1,1,0,0,0,0,0,0,0,-0.8612039551839503,0.6477086664967794,-0.8769834083604843,0.0,1
1,1,0,0,0,0,1,0,0,1,-1.055951588823343,-0.8804100141555444,0.1485452928813446,0.0,0
1,1,1,0,1,0,0,0,1,0,0.6576663055191393,2.62323273540173,0.9045794474080493,0.0,1
1,1,1,0,0,0,0,0,1,0,-0.2523655974293272,1.1484061093058133,1.2499844908733773,0.0,1
1,1,1,0,1,0,0,0,0,1,-0.5886379089308872,-0.5947398147310833,-0.5497575777091209,0.0,1
1,1,1,0,1,0,0,0,1,0,0.2282538214074349,-0.8804100141555444,0.3046654245472165,0.0,1
0,1,1,1,0,0,1,0,1,0,0.2685742424507874,0.005725311607968592,0.41374070143100433,0.0,1
1,1,1,1,0,0,0,0,0,1,1.9834017494245704,-0.8804100141555444,0.8864002345940847,0.0,1
1,1,0,0,0,0,0,0,0,1,-0.6249262878699046,-0.8804100141555444,-1.2223884518258121,0.0,0
1,1,1,0,0,0,0,0,0,0,0.5258185287073766,0.3924025446684106,1.3227013421292357,0.0,1
1,1,0,0,1,0,0,0,1,0,-0.4039703805523327,-0.8804100141555444,-0.5679367905230857,0.0,1
1,1,0,0,0,0,0,0,0,1,0.556865252910758,-0.8804100141555444,0.05015644515171175,0.0,1
1,1,1,1,0,0,0,0,1,0,0.5830735265889371,0.36141879201933674,2.031690641873856,0.0,1
1,1,1,0,0,0,0,0,0,0,-0.45235488580435573,0.33663178990007764,-0.4043238751974039,0.0,1
1,1,1,0,0,1,0,0,0,1,-0.1362427848244719,-0.8804100141555444,-0.695191280220838,0.0,1
1,0,0,0,0,0,0,0,0,0,2.169682094644859,0.1519686241115973,1.5772103215247404,0.0,0
1,0,1,0,0,0,0,0,1,0,-0.8608007509735168,0.5460819578078171,-0.022560406104146766,0.0,1
1,1,1,0,1,0,0,0,1,0,-0.7704830078364071,-0.15724922732616003,-0.7497289186627318,0.0,1
1,1,1,1,0,0,0,1,0,0,2.169682094644859,-0.8804100141555444,0.3046654245472165,0.0,0
0,1,1,0,1,0,0,0,1,0,-0.08826148378288241,-0.8804100141555444,-0.20435253424379304,0.0,0
1,1,1,0,0,0,0,0,0,0,-0.6850037152244998,-0.8704208517809559,-0.9315210468023781,0.0,1
1,1,1,0,1,0,0,0,1,0,0.5306569792325788,-0.8804100141555444,-0.09527725736000528,0.0,1
1,1,1,0,1,0,0,0,0,0,-1.0378073993538344,0.12284389662146787,-0.6770120674068734,0.0,1
1,1,0,0,0,0,0,0,1,0,-0.8543494836065804,2.678461274498704,-0.6406536417789441,0.0,1
1,1,0,0,0,0,0,1,0,1,1.027404566486682,-0.8804100141555444,-0.18617332142982843,0.0,1
1,0,0,0,0,0,1,0,1,0,-0.08503585009941421,-0.8804100141555444,-0.33160702394154545,0.0,1
1,1,1,0,0,0,1,0,1,0,-0.17374077639478977,-0.8804100141555444,-0.4225030880113686,0.0,1
1,1,1,0,0,0,0,0,0,1,-0.9450704309541236,0.40045832035716983,0.1485452928813446,0.0,1
1,0,1,0,0,0,0,0,1,0,-0.48501442684947127,0.8645949350402966,-0.45886151363929784,0.0,1
1,1,1,1,0,0,0,1,1,0,-0.6950838204853379,-0.8804100141555444,-0.7860873442906612,0.0,1
1,1,1,0,1,0,1,0,1,0,0.6072657792149486,0.12656194693935674,0.8864002345940847,0.0,0
1,1,1,0,0,0,0,0,1,0,-0.6527473783898178,1.2363999668291832,-1.4950766440352816,0.0,1
1,1,1,0,0,0,0,0,1,0,-0.8547526878170139,0.6427512660729277,0.39556148861703966,0.0,1
1,1,1,0,0,0,0,0,0,1,-0.11527616588192861,0.6384135407020572,-0.5133991520811917,0.0,0
1,1,0,0,0,0,0,0,0,1,-0.6668595257549912,2.6523574628918594,0.3046654245472165,0.0,1
0,1,0,0,1,0,0,0,1,0,0.12261431827385129,-0.8804100141555444,0.5046367655008275,0.0,1
1,1,1,0,0,0,0,0,1,0,0.05608562355231962,-0.8804100141555444,0.3592030629891104,0.0,1
0,1,1,0,0,1,0,0,0,0,2.2387308156816,-0.8804100141555444,2.2407515892344496,0.0,0
1,1,1,0,0,0,0,0,0,0,-0.36768200161331543,1.0814812035838137,0.7955041705242615,0.0,1
1,1,1,0,1,0,0,0,0,1,2.049930444146102,-0.8804100141555444,-0.47704072645326245,0.0,1
1,0,0,0,0,1,0,0,0,0,-0.6192814289238352,-0.8804100141555444,2.122586705943679,0.0,1
1,1,1,0,0,0,0,0,0,1,0.6104914128984168,1.540040742790107,2.2407515892344496,0.0,1
1,1,1,0,1,0,0,0,1,0,-0.5414630163101648,-0.5804872885125093,-0.05891883173207602,0.0,1
1,1,1,0,0,0,0,0,0,0,1.0943364654186472,2.678461274498704,0.6682496808265092,0.0,1
1,1,1,0,0,0,0,0,1,0,-1.065225285663314,-0.26259398633301123,-1.6041519209190693,0.0,1
1,0,0,0,0,0,0,0,0,0,0.15366104247723272,-0.8804100141555444,-0.11345647017396991,0.0,1
1,1,1,0,0,0,1,1,0,1,0.04681192671234854,-0.8804100141555444,-0.004381193290182138,0.0,0
0,1,1,0,0,1,0,0,1,0,-0.585412275247419,1.598290197770366,0.7591457448963322,0.0,0
1,1,1,0,0,0,0,0,0,1,1.8967128441813623,-0.8804100141555444,-1.1496716005699537,0.0,1
1,1,0,0,0,0,0,0,0,1,-0.41767932370707256,-0.8804100141555444,-0.7679081314766966,0.0,0
1,1,0,0,0,0,0,0,0,0,0.556865252910758,-0.8804100141555444,0.031977232337747116,0.0,1
1,0,0,1,0,0,1,0,0,0,-0.005201416433576217,-0.8804100141555444,-1.040596323686166,0.0,0
0,1,1,1,0,0,0,0,0,1,1.0608705159526646,0.1525882991645788,-0.5133991520811917,0.0,0
1,1,1,0,0,1,0,0,1,0,0.02907094145327343,-0.8804100141555444,-0.695191280220838,0.0,1
1,1,1,1,0,0,0,0,1,0,0.6879066213016537,-0.8804100141555444,0.6682496808265092,0.0,1
1,1,1,0,0,1,1,0,0,0,-0.7950784646728521,0.10301429492606058,0.6318912551985798,0.0,0
1,1,0,0,0,0,1,0,0,0,-0.5765417826178815,0.7295057734903345,-0.33160702394154545,0.0,1
1,1,1,0,1,0,0,1,0,0,-0.8543494836065804,1.9700952295592526,0.6864288936404738,0.0,1
1,0,0,1,0,0,0,0,0,0,-0.32534555951779526,-0.8804100141555444,-0.47704072645326245,0.0,1
1,1,1,0,1,0,0,1,0,0,0.6576663055191393,-0.0748324452796235,-0.5497575777091209,0.0,1
1,1,0,1,0,0,1,1,1,0,-0.7458875509999621,0.07512891754189409,0.9409378730359785,0.0,0
1,1,1,0,0,1,0,1,1,0,2.2257274798951188,-0.8804100141555444,2.2134827700135027,0.0,1
1,0,0,0,0,0,0,0,0,1,-0.6547633994419854,-0.8804100141555444,-1.4223597927794231,0.0,1
1,1,1,0,1,0,0,0,0,1,-0.6741172015427946,0.11292909577376423,0.1485452928813446,0.0,0
0,1,1,0,0,0,1,0,0,0,-0.42211457002184133,1.6689331538102545,0.25012778610532266,0.0,0
0,1,1,0,0,0,1,0,0,1,-1.1365924309100481,0.9377165912921109,-0.8224457699185904,0.0,0
1,1,1,0,0,0,0,1,0,0,-1.5906003718581976,2.401389066434361,0.5409951911287567,0.0,1
1,1,1,0,0,0,0,0,1,0,2.2387308156816,-0.8804100141555444,2.2407515892344496,0.0,1
0,1,0,0,0,0,0,0,1,0,-0.6579890331254535,-0.8804100141555444,-0.9133418339884135,0.0,0
1,1,1,0,0,0,0,0,1,0,-1.1531238035378226,1.3138593484518677,-0.13163568298793454,0.0,1
1,1,0,0,0,0,1,0,0,1,-1.28093953824525,-0.8804100141555444,-1.8768401131285388,0.0,0
0,0,0,0,0,0,0,0,0,1,0.3217971982280128,-0.8804100141555444,0.086514870779641,0.0,0
1,1,1,0,0,0,1,0,1,0,-0.7031479046940085,0.20402132856204144,-0.6042952161510149,0.0,1
1,1,1,0,1,0,1,1,1,0,-1.1063521151275337,0.28148071018472615,-0.7497289186627318,0.0,1
1,1,1,1,0,0,0,0,0,1,-0.2999436942604832,-0.8804100141555444,-1.2951053030816708,0.0,0
1,0,1,0,1,0,0,0,0,1,-1.3067446077129956,0.285198760502615,0.5228159783147921,0.0,0
1,0,0,0,0,0,0,0,1,0,-0.6180718162925346,-0.8804100141555444,-0.33160702394154545,0.0,1
1,1,1,0,0,1,0,1,1,0,0.2609133624525504,0.2188935298335969,0.8864002345940847,0.0,1
1,1,0,0,0,0,0,1,0,1,0.5770254634324342,1.804641990413198,-0.33160702394154545,0.0,0
1,1,0,0,0,0,0,0,1,0,2.2387308156816,-0.8804100141555444,2.2407515892344496,0.0,1
1,1,1,0,0,0,0,1,1,0,-0.4676766458008297,-0.8804100141555444,-2.0586322412681852,0.0,1
1,0,0,1,0,0,0,0,0,1,-0.7027447004835748,0.08628306849556068,-0.8769834083604843,0.0,1
1,1,0,0,0,0,0,0,1,0,-0.66444030049239,0.8491030587157596,0.10469408359360563,0.0,1
1,1,1,1,0,0,0,0,1,0,2.2387308156816,2.678461274498704,2.2407515892344496,0.0,0
1,1,1,0,0,0,1,0,0,0,-1.1285283467013776,0.2157951545686895,-0.7860873442906612,0.0,1
1,1,1,0,0,0,0,0,1,0,-0.007620641696177368,-0.8804100141555444,-1.186030026197883,0.0,1
1,1,0,0,0,0,0,0,0,1,-0.8628167720256844,-0.8804100141555444,-1.4405390055933878,0.0,1
1,1,1,0,0,0,0,0,0,0,-0.6225070626073034,0.6167249138477056,0.01379801952378249,0.0,1
1,1,1,0,0,1,0,0,0,0,1.9696928062698305,-0.8804100141555444,2.2407515892344496,0.0,1
1,1,1,0,0,0,0,0,1,0,0.09721245301653919,-0.366079720180918,-0.2407109598717223,0.0,1
1,1,0,0,0,0,0,0,0,0,1.9713056231115644,-0.8804100141555444,0.8864002345940847,0.0,1
1,0,0,0,0,0,0,0,0,0,-1.6022932939607697,1.4018532059752375,-0.45886151363929784,0.0,1
1,1,1,0,1,0,0,0,0,1,-0.24712394269369137,0.06521411669419044,0.5409951911287567,0.0,1
1,1,1,0,0,0,0,0,0,0,-0.368891614244616,0.3589400918074108,-0.33160702394154545,0.0,1
1,1,1,0,0,0,0,0,0,1,0.05285998986885142,0.5652918844502429,-0.14981489580189916,0.0,1
1,1,1,0,0,0,0,0,1,0,0.6576663055191393,-0.8804100141555444,-0.18617332142982843,0.0,1
1,1,0,0,0,0,0,0,0,1,-0.1826112690243273,2.678461274498704,0.8318625961521907,0.0,1
1,1,0,0,0,0,0,0,0,1,-0.8805577572847595,-0.8804100141555444,-1.1496716005699537,0.0,0
1,1,0,0,0,0,1,0,0,0,-0.8341892730849041,0.3849664440326329,-0.22253174705775766,0.0,1
1,0,0,1,0,0,0,1,1,0,1.141914562249803,-0.8804100141555444,0.1485452928813446,0.0,1
1,1,1,0,0,0,0,0,1,0,0.6911322549851219,1.9595607536585675,2.1953035571995376,0.0,1
1,0,0,0,0,0,0,1,0,1,-0.8543494836065804,-0.8804100141555444,-0.8224457699185904,0.0,1
1,1,1,0,0,0,0,0,0,0,-0.6466993152333149,0.47543900176792864,0.2683069989192873,0.0,1
1,1,1,0,1,0,0,0,1,0,0.7745955265448616,-0.8804100141555444,1.213626065245448,0.0,1
1,1,0,0,0,0,0,0,1,0,-0.3866325995036911,2.257624454142658,0.8864002345940847,0.0,1
1,1,1,0,0,0,1,1,1,0,-0.11084091956715983,-0.4243291751611769,-0.9315210468023781,0.0,0
1,1,0,0,0,0,1,0,1,0,-0.6821812857514651,0.6099084882649093,-0.49521993926722707,0.0,1
1,1,1,0,0,0,0,0,0,0,-0.43542030896614764,-0.0277371412530312,-1.5132558568492462,0.0,0
1,0,1,0,0,0,1,0,1,0,-1.0849822919745569,0.1383357729460048,-0.695191280220838,0.0,1
1,1,1,0,1,0,0,0,0,1,0.3113138887567411,-0.8804100141555444,-0.14981489580189916,0.0,1
0,1,1,1,0,0,0,1,0,1,2.2387308156816,1.5053389398231443,0.39556148861703966,0.0,0
1,1,1,0,0,0,0,0,0,0,-0.5592040015692399,0.32795633915833694,-0.5497575777091209,0.0,1
1,1,1,0,0,0,0,0,0,0,-0.8652359972882856,0.26165110848931883,0.37738227580307504,0.0,0
1,1,1,0,1,0,1,0,1,0,-0.5184803763154539,0.3589400918074108,-0.7133704930348026,0.0,1
1,0,0,1,0,0,0,0,1,0,-0.4346139005452806,-0.8804100141555444,-0.47704072645326245,0.0,1
1,1,0,0,0,0,0,0,1,0,-0.7664509657320718,-0.8804100141555444,-1.2405676646397767,0.0,1
1,1,1,1,0,0,0,1,1,0,-0.4713054836947314,0.4078944209929476,0.43191991424496895,0.0,1
1,1,1,1,0,0,1,0,1,0,-0.8140290625632278,0.6687776182981496,-0.8769834083604843,0.0,1
1,1,0,0,0,0,0,0,1,0,-1.0857887003954239,0.26660850891317067,-1.6041519209190693,0.0,1
0,0,0,0,0,0,0,0,1,0,-0.1826112690243273,-0.8804100141555444,-0.4043238751974039,0.0,0
1,1,1,0,1,0,0,1,0,0,1.3423070548352651,2.678461274498704,2.2407515892344496,0.0,1
1,0,0,0,0,0,0,0,1,0,1.4975406758521723,-0.8804100141555444,2.2407515892344496,0.0,1
1,1,1,0,0,0,0,0,0,0,-0.7394362836330257,0.3688548926551145,-0.5133991520811917,0.0,1
1,1,1,1,0,0,0,0,1,0,-0.753548430998199,0.2610314334363374,-0.4225030880113686,0.0,1
1,1,0,0,0,0,0,0,0,0,-0.24954316795629253,0.6687776182981496,0.031977232337747116,0.0,1
1,1,1,0,1,0,0,0,1,0,1.3632736737778084,-0.8804100141555444,1.1227300011756247,0.0,1
1,1,1,0,0,0,0,0,1,0,0.43388796872853275,1.7017759316182728,0.6682496808265092,0.0,1
1,0,0,0,0,0,0,0,0,0,-0.3737300647698183,-0.8804100141555444,-0.8224457699185904,0.0,1
0,1,1,0,0,1,0,0,1,0,-0.4793695679034019,-0.10581619792869738,-0.18617332142982843,0.0,0
0,1,1,0,0,0,1,0,0,0,-0.44187157633308405,1.1211404069746282,0.25012778610532266,0.0,0
0,0,0,0,0,1,1,0,0,1,-1.1244963045970422,-0.8804100141555444,0.1485452928813446,0.0,0
1,1,1,0,0,0,0,0,1,0,1.1931214969748607,-0.254538210644252,0.6682496808265092,0.0,1
1,1,1,1,0,0,0,0,0,1,-0.2543816184814948,-0.8804100141555444,-1.6041519209190693,0.0,1
0,1,1,0,0,0,0,0,0,1,0.20043273088752167,0.018738487720579622,0.4864575526868628,0.0,0
1,0,1,0,0,0,0,0,1,0,-0.8853962078099619,-0.5674741123998982,-0.14981489580189916,0.0,1
1,1,1,0,0,0,0,0,0,0,2.2387308156816,2.3827988148449166,2.2407515892344496,0.0,0
0,1,1,0,0,0,1,0,0,1,1.22618424223041,-0.8804100141555444,-0.6224744289649795,0.0,0
1,1,1,0,0,0,0,0,0,0,-0.8039489573023897,2.678461274498704,0.8864002345940847,0.0,1
0,1,1,0,0,0,0,0,0,0,-0.4120344647610032,0.4562290751255028,-0.34978623675551007,0.0,0
1,1,1,0,0,0,0,0,0,1,-0.6394416394455115,0.023695888144431444,-0.7860873442906612,0.0,1
1,1,1,1,0,0,0,0,0,1,1.3955300106124904,0.5138588550527803,0.7591457448963322,0.0,1
1,1,1,0,0,0,0,1,1,0,2.2387308156816,2.0630464875064742,-0.33160702394154545,0.0,1
0,1,1,0,0,0,1,0,1,0,-0.8140290625632278,0.30378901209205933,-0.4043238751974039,0.0,0
1,0,1,0,0,0,0,0,0,1,-0.11527616588192861,0.6384135407020572,-0.5133991520811917,0.0,0
1,1,0,0,0,0,0,0,0,0,-0.3039757363648184,0.1358570727340789,0.1485452928813446,0.0,1
1,1,1,1,0,0,0,0,0,0,-1.1438501066978515,0.5027047040991136,-0.5679367905230857,0.0,1
0,1,0,0,0,0,0,1,0,1,2.2387308156816,-0.8804100141555444,0.8864002345940847,0.0,0
1,1,1,0,1,0,0,0,0,0,1.4975406758521723,1.0821008786367952,0.4864575526868628,0.0,1
1,1,1,0,1,0,1,0,1,0,-0.3805845363471882,-0.7304486513340268,-0.5497575777091209,0.0,1
1,1,1,1,0,0,0,0,0,1,2.2387308156816,-0.8804100141555444,2.2407515892344496,0.0,0
1,0,0,0,0,0,0,0,0,0,-0.3455057700394715,0.1519686241115973,-0.05891883173207602,0.0,1
0,0,1,1,0,0,0,1,0,1,2.2387308156816,-0.8804100141555444,2.2407515892344496,0.0,0
1,1,1,0,0,1,1,0,0,0,-0.4422747805435176,-0.8804100141555444,-1.040596323686166,0.0,0
1,1,0,0,0,0,0,0,0,0,1.6656768316029524,1.7017759316182728,2.2407515892344496,0.0,0
1,1,0,0,0,0,0,1,0,0,0.8882991138871157,-0.8804100141555444,0.05015644515171175,0.0,1
